"","Town","Residential_Percentage","Industrial_Percentage","Office_Percentage","Other_Percentage","Retail_Percentage","Estimate.Worked.at.home","Welfare_Benefits_raw","Other_Services_raw","Govt_Benefits_raw","Estimate.No.health.insurance.coverage","Estimate.Unpaid.family.workers","Total_Size_Sq_Ft","Estimate.Mean.travel.time.to.work..minutes.","Opportunity_Zone","WeightedGrowth_Residential_Percentage","WeightedGrowth_Industrial_Percentage","WeightedGrowth_Office_Percentage","WeightedGrowth_Other_Percentage","WeightedGrowth_Retail_Percentage","WeightedGrowth_Estimate.Worked.at.home","WeightedGrowth_Welfare_Benefits_raw","WeightedGrowth_Other_Services_raw","WeightedGrowth_Govt_Benefits_raw","WeightedGrowth_Estimate.No.health.insurance.coverage","WeightedGrowth_Estimate.Unpaid.family.workers","WeightedGrowth_Total_Size_Sq_Ft","WeightedGrowth_Estimate.Mean.travel.time.to.work..minutes.","Residential_Percentage_projected","Industrial_Percentage_projected","Office_Percentage_projected","Other_Percentage_projected","Retail_Percentage_projected","Estimate.Worked.at.home_projected","Welfare_Benefits_raw_projected","Other_Services_raw_projected","Govt_Benefits_raw_projected","Estimate.No.health.insurance.coverage_projected","Estimate.Unpaid.family.workers_projected","Total_Size_Sq_Ft_projected","Estimate.Mean.travel.time.to.work..minutes._projected"
"1","Hawthorne",100,0,0,0,0,3463,7372.00000000003,17733,13501,8443,141,6711,29.4,1,-0.1186868675,0,0,0,0,2.64743026112798,0.704185826960352,-0.0921401256633657,-0.0482288017523411,0.0183868873724388,141,3.41190284188578,-0.0755131940450289,88.13131325,0,0,0,0,12631.0509942862,12563.2579163518,16099.0791516115,12849.8629475416,8598.2404900855,20022,29608.2799718955,27.1799120950762
"2","Carlsbad",0,100,0,0,0,15877,3366.00000000003,23020,25835,3085,68,0,26.2,0,0,100,0,0,0,0.872705139690065,0.323161745843037,-0.0633123458127308,0.0496588277524258,-0.338409768754729,-0.74709595648306,0,0.0154127476398948,0,10100,0,0,0,29732.9395028592,4453.7624365077,21562.5497993909,27117.9358149839,2041.00586339166,17.1974749591519,0,26.6038139881652
"3","San Diego",0,100,0,0,0,135969,67319,337560,246299,73451,1339,23634,23.5,1,-0.918181809,100,0,0,0,1.54102440704436,0.25262927201628,-0.0507350389558802,0.0847045253671133,-0.243864428398414,0.163243139047819,14.861833330361,-0.0174776806528814,0,10100,0,0,0,345500.547601415,84325.749962864,320433.880250053,267161.639893395,55538.9138697081,1557.58256318503,374878.568929751,23.0892745046573
"4","Redondo Beach",100,0,0,0,0,9900,1509.00000000003,15274,13956,1451,0,2476,28.1,0,100,0,0,0,0,1.05709522169942,2.20482509290414,-0.056757433696938,0.174522516192876,1.1362196780754,-0.720289848809074,2476,-0.125743411545801,10100,0,0,0,0,20365.2426948242,4836.08106519244,14407.0869577129,16391.6362359877,3099.65475288741,0,6133052,24.566610135563
"5","Fremont",0,100,0,0,0,25096,6464.00000000003,33288,36561,5449,53,15811,31.2,1,0,100,0,0,0,3.21983420737531,0.256960993510579,-0.0335309919385745,0.143949663601046,-0.152202398116235,-0.275800456103285,15811,-0.171663006202877,0,10100,0,0,0,105900.959268291,8124.99586205242,32171.8203403487,41823.9436509178,4619.64913266464,38.3825758265259,250003532,25.8441142064703
"6","Los Angeles",33.3333333333333,0,66.6666666666667,0,0,321927,310185,997266,634717,319004,4157,357250.5,31.4,1,-0.372868285865473,0,-0.655483392373738,0,0,1.37772366450756,0.54166923948473,-0.0702458034416489,0.146389876062921,-0.11126033002729,0.13344682779553,-0.369644408505911,-0.0378787867096895,20.9043904711509,0,22.9677738417508,0,0,765453.446143924,478202.673049571,927212.24858496,727633.142965029,283511.509679974,4711.73846314602,225194.850239059,30.2106060973158
"7","San Francisco",0,0,100,0,0,112342,54729,179077,178571,26028,727,161650,30.9,1,0,0,-0.174242421628788,-0.878787852424243,0,2.63231429898201,0.830729868476367,-0.13497479346307,0.146691641375802,-0.0979269815849195,0.614498059724369,1.06277777775564,-0.0532598698277542,0,0,82.5757578371212,0,0,408061.452976237,100194.014971843,154906.118911014,204765.873092118,23479.1565233077,1173.74008941962,333448.027774199,29.2542700223224
"8","San Marcos",0,100,0,0,0,7680,3743.00000000003,20412,14892,7727,223,158923,26.7,0,0,100,0,0,0,1.75779294196579,0.563208725437465,-0.0925397232695867,0.266871586585521,-0.264622727246265,223,158923,0.0521425169025768,0,10100,0,0,0,21179.8497942972,5851.09025931248,18523.0791686212,18866.2516674315,5682.26018656811,49952,25256678852,28.0922052012988
"9","San Bernardino",0,0,0,0,100,6230,24127,44328,30010,22661,139,463427,30.7,1,0,0,0,0,100,1.05930442288419,0.0860900987908632,0.15884094814977,0.0935144405714094,-0.0446584917104758,0.0301298699576994,463427,-0.0620707050016835,0,0,0,0,10100,12829.4665545685,26204.0958135272,51369.101549583,32816.368361548,21648.9939193489,143.18805192412,214765047756,28.7944293564483
"10","Irvine",0,100,0,0,0,39022,9583.00000000003,67377,37185,11208,67,186000,26.2,0,0,100,0,0,0,2.03029404727293,1.24795978814334,0.141748101273936,0.0892698428642207,0.00485902629980387,0.332455831172219,186000,-0.0643650218320082,0,10100,0,0,0,118248.134312684,21542.1986497777,76927.561819534,40504.499106906,11262.4599667682,89.2745406885387,34596186000,24.5136364280014
"11","Chico",0,0,0,0,0,5540,12395,31164,22607,6942,6,0,17.7,1,0,0,0,0,0,1.17615445813051,0.485057471165976,0.138851489399512,0.391502682828563,-0.0285972594342692,6,0,-0.0967487323347409,0,0,0,0,0,12055.895698043,18407.2873551023,35491.1678156463,31457.7011507053,6743.4778250073,42,0,15.9875474376751
"12","Santa Monica",0,0,0,0,0,19245,3948.00000000003,24383,20081,1325,91,0,28.3,0,0,0,-0.984848475,0,0,2.35426519480164,0.495066948363429,-0.0341446124750258,0.251739140467262,-0.266013809404086,-0.801381690497284,-0.902181050565163,0.0270386783785706,0,0,0,0,0,64552.8336739576,5902.52431213886,23550.4519140214,25136.173679723,972.531702539586,18.0742661647472,0,29.0651945981135
"13","Pleasanton",0,0,0,0,0,7769,1545.00000000003,11091,13697,1873,112,0,34.2,0,0,0,0,0,0,1.5001403265483,0.795928029221575,-0.170053509268496,0.0852166567902658,0.17375931694519,112,0,-0.090660022422764,0,0,0,0,0,19423.5901969538,2774.70880514739,9204.93652870309,14864.2125480562,2198.45120063834,12656,0,31.0994272331415
"14","Rancho Cordova",0,0,0,0,0,7585,8885.00000000003,16351,16391,4660,0,0,30.5,1,0,0,0,0,0,2.88288616114686,0.381616015555894,0.0736595860883118,-0.0424058222692137,0.106195887413192,0,0,0.0274170264127407,0,0,0,0,0,29451.6915322989,12275.6582982142,17555.40789213,15695.9261671853,5154.87283534547,0,0,31.3362193055886
"15","Burbank",0,0,0,0,0,11759,8105.00000000003,25861,22925,5252,0,0,25.6,1,0,0,0,0,0,1.68165882875442,1.12591876174674,-0.0243370206378727,0.18836157161762,0.225510746506859,0.213651666039025,0,-0.0902799591284065,0,0,0,0,0,31533.6261673232,17230.5715639574,25231.6203092839,27243.1890293339,6436.38244065402,0,0,23.2888330463128
"16","Hayward",0,0,0,0,0,8644,9404.00000000003,32413,25772,8652,99,0,31.9,1,0,0,0,0,0,2.22800084402139,-0.080358826448762,-0.066912114033823,0.126084754319629,1.06063851243274,99,0,-0.0869218476719374,0,0,0,0,0,27902.8392957209,8648.30559607587,30244.1776478217,29021.4562883254,17828.6444095681,9900,0,29.1271930592652
"17","Anaheim",0,0,0,0,0,17202,19914,75957,53719,30261,873,0,27.7,1,0,0,0,0,0,1.77529568047861,0.160003341717285,0.0650094794512759,0.262970687613871,-0.00310447563276486,2.72755329825908,0,-0.0147819654864271,0,0,0,0,0,47740.636295593,23100.306546958,80894.9250306805,67845.5223679295,30167.0554628769,3254.15402938018,0,27.290539556026
"18","Stockton",0,0,0,0,0,10768,23991,53981,59795,20231,127,0,31,1,0,0,0,0,0,1.63538450279196,-0.0192246019724218,0.168868467315083,0.0987604954544827,-0.0513453185643365,4.42882301187374,0,-0.066850054837087,0,0,0,0,0,28377.8203260638,23529.7825740797,63096.6887341355,65700.3838257008,19192.2328601249,689.460522507965,0,28.9276483000503
"19","Compton",0,0,0,0,0,2067,8392.00000000003,17265,12115,12943,0,0,30.2,1,0,0,0,0,0,1.5317309191101,0.174384498314566,0.0602308576363775,0.316621411916543,0.468440605923953,-0.724371365601465,0,-0.0931840903857721,0,0,0,0,0,5233.08780980058,9855.43470985588,18304.885757092,15950.8684053689,19006.0267624737,0,0,27.3858404703497
"20","El Cajon",0,0,0,0,0,4551,13566,20227,16428,6122,107,0,25.4,1,0,0,0,0,0,1.52286052610296,0.458905764804803,-0.123680930011436,0.122361302633835,-0.291679184979279,0.615942015595463,0,-0.0696075116884179,0,0,0,0,0,11481.5382542946,19791.515605342,17725.3058286587,18438.1514796686,4336.34002955686,172.905795668715,0,23.6319692031142
"21","San Jose",0,0,0,0,0,70935,43903,191836,157856,47784,1093,0,28,1,0,0,0,0,0,2.82983545353876,0.416958099541543,-0.124417017750118,0.093362855031979,-0.0553974434871986,1.13554750993733,0,-0.0992179831141804,0,0,0,0,0,271669.377896772,62208.7114441724,167968.336982888,172593.886843928,45136.8885604077,2334.1534283615,0,25.221896472803
"22","Antioch",0,0,0,0,0,5577,6524.00000000003,28651,23594,8356,54,0,39.9,1,0,0,0,0,0,0.604167210572219,8.78955298723407e-05,0.0705314215781686,0.154246857857654,0.00628868897363702,54,0,-0.0937399452528996,0,0,0,0,0,8946.44053336126,6524.57343043692,30671.7957596361,27233.3003642934,8408.54828506371,2970,0,36.1597761844093
"23","Davis",0,0,0,0,0,7501,3416.00000000003,22083,9765.99999999997,2533,40,0,23,1,0,0,0,-0.772727265,0,1.18732922928659,1.80364033425485,-0.0697998984224773,0.0871324855607243,-0.141863238750315,-0.748867981639623,0,0.130007384641177,0,0,0,0,0,16407.1565488787,9577.23538181467,20541.6088431364,10616.935853986,2173.66041624545,10.0452807344151,0,25.9901698467471
"24","Torrance",0,0,0,0,0,11938,5003.00000000003,26618,33892,3073,81,0,28.3,1,0,0,0,0,0,1.53956210603881,0.717783391479864,-0.0360551326056727,0.0180118559045798,-0.157283321346914,1.37686994804883,0,-0.0933093278535776,0,0,0,0,0,30317.2924218913,8594.07030757381,25658.2844803022,34502.457820318,2589.66835350093,192.526465791955,0,25.6593460217438
"25","Alameda",0,0,0,0,0,10520,2083.00000000003,14068,17364,1561,0,0,31.5,0,0,0,0,0,0,1.62289320290962,0.911611916983548,-0.215059286650614,0.139144847066299,-0.347776452603975,-0.494763298934899,0,-0.0962337634842302,0,0,0,0,0,27592.8364946092,3981.88762307679,11042.5459553991,19780.1111244592,1018.1209574852,0,0,28.4686364502467
"26","Santa Clara",0,0,0,0,0,13540,3401.00000000003,23030,16217,2462,0,0,23.9,0,0,0,0,0,0,2.84533953832341,0.410767834417669,-0.0908812150216019,-0.0316727766374028,0.0549630952534844,-0.239898984187109,0,-0.120393115744738,0,0,0,0,0,52065.8973488989,4798.02140485454,20937.0056180525,15703.3625812712,2597.31914051408,0,0,21.0226045337008
"27","Costa Mesa",0,0,0,0,0,14875,5014.00000000003,29670,15170,12576,243,0,23.3,1,-0.984848475,0,0,0,0,0.977618890919743,0.30599024289241,0.127135749536882,0.239806366900966,-0.125224334675206,-0.374999997532895,0,-0.0384511767422373,0,0,0,0,0,29417.0810024312,6548.23507786258,33442.1176887593,18807.8625858876,11001.1787671246,151.875000599507,0,22.4040875819059
"28","Inglewood",0,0,0,0,0,6468,7071.00000000003,28007,22820,6814,78,0,33.8,1,0,0,0,0,0,1.50621451627383,0.414812125637753,-0.0233858881554828,0.230095186441768,-0.25951305526332,0.455745570045123,0,-0.0339375048428796,0,0,0,0,0,16210.1954912591,10004.1365403846,27352.0314304294,28070.7721546011,5045.67804143574,113.54815446352,0,32.6529123363107
"29","Santa Barbara",0,0,0,0,0,7551,2889.00000000003,23958,21786,6864,156,0,15.9,0,0,0,0,0,0,0.892989516225701,0.0236266680208224,-0.0612193230269568,0.110361229874429,-0.124878330193702,156,0,-0.125485619050466,0,0,0,0,0,14293.9638370203,2957.25744391219,22491.3074589201,24190.3297540443,6006.83514155043,24492,0,13.9047786570976
"30","Carson",0,0,0,0,0,3087,5830.00000000003,18410,22587,5498,159,0,25.3,1,0,0,0,0,0,2.8009659055897,0.612348959066134,-0.0209290814195604,0.369439139489766,0.131071641846094,-0.762896521214596,0,-0.10326953408304,0,0,0,0,0,11733.5817505554,9399.99443135561,18024.6956110659,30931.5218436553,6218.63188686982,37.6994531268793,0,22.6872807876991
"31","Santa Rosa",0,0,0,0,0,10912,11341,39395,45592,8833,0,0,23.4,1,0,0,0,0,0,1.96057964765287,0.703132686962623,-0.0113531804871749,0.0498079798293177,-0.176573466434803,3.73640814469632,0,-0.0163713398301821,0,0,0,0,0,32305.8451151881,19315.2278028432,38947.7414547077,47862.8454163782,7273.32657098139,0,0,23.0169106479737
"32","Oakland",0,0,0,0,0,52890,42447,108559,86855,25282,333,0,29.9,1,0,0,0,0,0,2.35382942748459,0.540507153627605,-0.0906294261838428,0.192765938956724,-0.0666291123347209,0.0707607992960101,0,-0.0741195718937611,0,0,0,0,0,177384.03841966,65389.907150031,98720.3601229082,103597.685628086,23597.4827819536,356.563346165571,0,27.6838248003765
"33","Buena Park",0,0,0,0,0,4137,3182.00000000003,19194,12632,7227,0,0,30.1,0,0,0,0,0,0,1.10236090419233,0.333976709631068,-0.0597664501824285,0.179018204001811,-0.184340686491892,-0.801435405192107,0,-0.0548885059926428,0,0,0,0,0,8697.46706064365,4244.7138900461,18046.8427551984,14893.3579529508,5894.7698587231,0,0,28.4478559696215
"34","Sacramento",0,0,0,0,0,49113,40034,117159,107645,29411,571,0,26.4,1,0,0,0,0,0,1.79327761554565,0.410294956903045,-0.00634851329992212,0.154722977610066,-0.01517949325563,0.692673862433735,0,-0.0335169867928597,0,0,0,0,0,137186.243532294,56459.7483046565,116415.214530294,124300.154924836,28964.5559238587,966.516775449663,0,25.5151515486685
"35","Ontario",0,0,0,0,0,6966,9840.00000000003,36312,26162,20694,257,0,31.4,1,0,0,0,0,0,0.707420656320736,0.407512729588143,-0.0248540068788046,0.457906302487883,-0.185825264491408,257,0,0.0655545330442816,0,0,0,0,0,11893.8922919302,13849.9252591474,35409.5013022168,38141.744685688,16848.5319766148,66306,0,33.4584123375904
"36","Oceanside",0,0,0,0,0,11432,9054.00000000003,37908,40771,14857,417,0,30.4,0,0,0,0,0,0,1.03439803422109,0.359950347680187,-0.128091088362671,0.0342542187137912,-0.054897087197842,0.056353003391875,0,-0.0888322449433928,0,0,0,0,0,23257.2383272155,12312.9904478965,33052.3230223479,42167.57875118,14041.3939755017,440.499202414412,0,27.6994997537209
"37","Vallejo",0,0,0,0,0,7540,8351.00000000003,26240,29035,7438,69,0,34.4,1,0,0,0,0,0,2.6183186688875,0.272191239641187,-0.0281037791545578,0.20869960236335,0.642172315305597,0.455204209476619,0,-0.0486757324375256,0,0,0,0,0,27282.1227634117,10624.0690422436,25502.5568349844,35094.5929546198,12214.477681243,100.409090453887,0,32.7255548041491
"38","Folsom",0,0,0,0,0,10918,1730.00000000003,17450,19706,1830,49,0,25.1,0,0,0,0,0,0,1.86886678436894,-0.286235950333511,0.355247688316962,0.160390766510589,0.82138718280184,1.38709672944849,0,-0.0991883081458721,0,0,0,0,0,31322.2875517401,1234.81180592305,23649.0721611309,22866.6604448576,3333.13854452737,116.967739742976,0,22.6103734655386
"39","Union City",0,0,0,0,0,5248,2608.00000000003,10787,13124,835,114,0,34.6,0,0,0,0,0,0,1.64148108397422,-0.323888960638918,-0.0532800414214954,0.147671563649131,0.127999917511814,114,0,-0.0391449898774274,0,0,0,0,0,13862.4927286967,1763.29759065372,10212.2681931863,15062.0416013312,941.879931122365,13110,0,33.245583350241
"40","Riverside",0,0,0,0,0,15765,16137,72367,45309,32909,327,0,32,1,0,0,0,0,0,1.68774624218289,0.584447954297914,-0.0505785363262618,0.163106357812296,-0.0957924853044226,-0.733085740664631,0,0.0457079137444399,0,0,0,0,0,42372.3195080133,25568.2366385055,68706.7830616774,52699.1859661173,29756.5651011168,87.2809628026658,0,33.4626532398221
"41","Fairfield",0,0,0,0,0,4336,6743.00000000003,22956,22740,6405,46,0,29.7,1,0,0,0,0,0,0.959109097174172,0.340559847078519,-0.104054689495505,0.0811235192847684,0.217234623775305,-0.252673794933548,0,-0.0677413651907461,0,0,0,0,0,8494.69704534721,9039.39504885049,20567.3205479412,24584.7488285356,7796.38776528083,34.3770054330568,0,27.6880814538348
"42","Santa Ana",0,0,0,0,0,11222,11896,65293,37104,31747,101,0,24.3,1,0,0,0,0,0,0.86879903371099,0.138781247283741,-0.0337962291322916,0.212972275943749,-0.223300549330794,1.64595169168646,0,-0.0322410135495027,0,0,0,0,0,20971.6627563047,13546.9417176874,63086.3428112653,45006.1233266168,24657.8774603953,267.241120860332,0,23.5165433707471
"43","San Mateo",0,0,0,0,0,9706,2209.00000000003,21685,17750,6491,0,0,26.1,0,0,0,0,0,0,2.48900846003759,1.02437620453595,-0.145564229115953,0.0964796548707816,0.795049153412428,0.749101168607941,0,-0.123908988831032,0,0,0,0,0,33864.3161131248,4471.84703581998,18528.4396916205,19462.5138739563,11651.6640548001,0,0,22.8659753915101
"44","Orange",0,0,0,0,0,9552,4442.00000000003,33038,23572,7627,52,0,25.8,0,0,0,0,0,0,1.71018619888494,0.143491261379202,-0.0053950240318192,0.147381015555985,0.174274405798741,1.60433880651296,0,-0.0484414015438619,0,0,0,0,0,25887.698571749,5079.38818304645,32859.7591960367,27046.0652986856,8956.190893027,135.425617938674,0,24.5502118401684
"45","Berkeley",0,0,0,0,0,19360,7525.00000000003,36850,22813,3262,0,0,29.1,1,0,0,0,0,0,2.0994886752134,0.384860904018043,-0.06174665390721,0.171089190860041,-0.232225705275768,-0.559052054273836,0,-0.0730331685210835,0,0,0,0,0,60006.1007521314,10421.0783027358,34574.6358035193,26716.0577110901,2504.47974939044,0,0,26.9747347960365
"46","Salinas",0,0,0,0,0,3858,7199.00000000003,25982,21479,18571,47,0,27.8,1,0,0,0,0,0,0.738692618804814,0.14764648308267,0.0181637893058527,0.184729600423243,0.0317794884311887,-0.406412608905477,0,0.106567765288784,0,0,0,0,0,6707.87612334897,8261.90703171218,26453.9315737446,25446.8070874908,19161.1768796556,27.8986073814426,0,30.7625838750282
"47","Roseville",0,0,0,0,0,16131,6323.00000000003,31810,40002,4152,0,0,25.8,1,0,0,0,0,0,1.19077770764372,1.72893645251715,0.0328826198949053,0.404415215872103,-0.414398245027261,0,0,0.0632832056409822,0,0,0,0,0,35339.4352020008,17255.065189266,32855.9961388569,56179.4174653158,2431.41848664681,0,0,27.4327067055373
"48","Corona",0,0,0,0,0,12932,7582.00000000003,35972,25320,14081,270,0,35.7,1,-0.87878787,0,0,0,0,1.99494410415971,0.457574846342859,-0.0149165334517045,0.297986429085858,-0.028810647764017,-0.16399286826745,0,-0.0590046793568576,0,0,0,0,0,38730.6171549933,11051.3324849716,35435.4224586753,32865.0163844539,13675.3172688349,225.721925567789,0,33.5935329469602
"49","Lancaster",0,0,0,0,0,4978,14366,29097,34391,6961,229,0,36.8,1,0,0,0,0,0,1.98495989200561,0.843800152850833,0.139556355613802,0.394175869938179,-0.118465208332717,0.119198311481867,0,-0.00376464015222805,0,0,0,0,0,14859.1303424039,26488.0329958551,33157.6712792948,47947.1023430439,6136.36368479596,256.296413329348,0,36.661461242398
"50","Temecula",0,0,0,0,0,11614,3640.00000000003,28191,20859,3613,81,0,37.9,0,0,0,0,0,0,1.55357175310522,0.19103496336897,0.15350464961435,0.167459844235375,0.0352970905695636,-0.720137416531971,0,-0.0516317003078119,0,0,0,0,0,29657.182340564,4335.36726666308,32518.4495772781,24352.0448909056,3740.52838822783,22.6688692609104,0,35.9431585583339
"51","Santa Maria",0,0,0,0,0,2419,6022.00000000003,16344,13778,18152,25,0,25.6,1,0,0,0,0,0,0.144023399243146,0.453476975360992,0.200427111489724,0.296387878761534,-0.187070820540508,-0.611198940666781,0,-0.0670723948099542,0,0,0,0,0,2767.39260276917,8752.83834562393,19619.780710188,17861.6321935764,14756.2904655487,9.72002648333047,0,23.8829466928652
"52","Chula Vista",0,0,0,0,0,15286,12270,56486,49568,13245,51,0,29.5,1,0,0,0,0,0,1.98691531619647,0.401091010330463,-0.0137538687867183,0.195301877335588,-0.146049254214976,51,0,-0.0645778149151045,0,0,0,0,0,45657.9875233793,17191.3866967548,55709.0989677134,59248.7234557704,11310.5776279226,2652,0,27.5949544600044
"53","South San Francisco",0,0,0,0,0,1738,544.000000000031,19603,12065,4295,126,0,30.5,0,0,0,0,0,0,1.2197664704614,-0.396187682858436,0.0932150329040854,-0.211347796485165,0.959447414881847,126,0,0.0598669602200299,0,0,0,0,0,3857.95412566192,328.473900525029,21430.2942900188,9515.08883540646,8415.82664691753,16002,0,32.3259422867109
"54","Escondido",0,0,0,0,0,8456,7988.00000000003,33959,27817,13075,107,0,28.6,1,0,0,0,0,0,2.585363741741,0.0119321625809341,0.0906419109390356,0.0339814328240363,-0.133491126883474,0.214520200232534,0,0.119422567476802,0,0,0,0,0,30317.8358001619,8083.31411469653,37037.1086535787,28762.2615168662,11329.6035159986,129.953661424881,0,32.0154854298365
"55","Redwood City",0,0,0,0,0,8314,1407.00000000003,17200,13337,3326,174,0,25.7,1,0,0,0,0,0,2.90724316211817,-0.182897997157973,-0.195402146792,0.122483499706915,-0.116711940770195,-0.499242420082071,0,-0.0957118317227096,0,0,0,0,0,32484.8196498504,1149.66251799876,13839.0830751776,14970.5624355911,2937.81608499833,87.1318189057197,0,23.2402059247264
"56","San Leandro",0,0,0,0,0,4419,5768.00000000003,17019,20693,4883,0,0,31,1,0,0,0,0,0,1.15116503636378,0.086113445197603,-0.0814843179497979,0.0863792744905369,0.256461555909634,-0.597402592661307,0,-0.0322026222861271,0,0,0,0,0,9505.99829569152,6264.70235189981,15632.2183928124,22480.4463270326,6135.30177750674,0,0,30.0017187091301
"57","Simi Valley",0,0,0,0,0,11966,4659.00000000003,26972,26978,4014,492,0,28.6,0,0,0,0,0,0,1.35344971054227,0.212813885993748,0.00428895251714547,0.0131842944836794,0.829417317290421,1.83294478594625,0,-0.0468366077542916,0,0,0,0,0,28161.3792363488,5650.4998948449,27087.6816272924,27333.6858965807,7343.28111160375,1393.80883468555,0,27.2604730182273
"58","Concord",0,0,0,0,0,8678,5974.00000000003,32537,28320,8302,61,0,35.2,1,-0.93939393,0,0,0,0,1.01544269022754,0.410131852771983,-0.1856017846534,0.110068135907453,-0.267578538198169,-0.0229437226159555,0,-0.11632322922128,0,0,0,0,0,17490.0116657945,8424.12768845987,26498.0747327323,31437.129608899,6080.5629758788,59.6004329204267,0,31.105422331411
"59","Laguna Niguel",0,0,0,0,0,4140,818.00000000003,13059,14986,4827,93,0,27.2,0,0,0,0,0,0,-0.00618495974719038,0.486078496251755,-0.229306387106637,0.170577888355883,0.729515549972599,-0.690340907036323,0,-0.0684145182979842,0,0,0,0,0,4114.39426664663,1215.61220993398,10064.4878907744,17542.2802349012,8348.37155971773,28.798295645622,0,25.3391251022948
"60","Pasadena",0,0,0,0,0,16743,7529.00000000003,37055,25276,7386,312,0,27.6,0,0,0,0,0,0,2.31439393888145,0.687676976090064,0.133396413441469,0.0282130522911429,-0.158173873341392,0.0906360898195493,0,-0.10792928933165,0,0,0,0,0,55492.8977186921,12706.5199529821,41998.0041000736,25989.1131097109,6217.72777150048,340.278460023699,0,24.6211516144465
"61","Indio",0,0,0,0,0,2235,9470.00000000003,26500,21952,8778,0,0,22,1,0,0,0,0,0,2.70398891057964,0.865282337809057,-0.0163175579563572,0.0832682688169326,0.957997504484497,0,0,0.104851325280845,0,0,0,0,0,8278.41521514549,17664.2237390518,26067.5847141565,23779.9050370693,17187.3020943649,0,0,24.3067291561786
"62","Fresno",0,0,0,0,0,24873,59013,121854,100451,33485,470,0,22.3,1,0,0,0,0,0,1.46007701306485,0.0628501670509602,0.0634941910432464,0.164791278274718,-0.154566782944336,0.247430829322335,0,-0.0177432209123787,0,0,0,0,0,61189.495545962,62721.9769081783,129591.021155384,117004.448693974,28309.3312731089,586.292489781497,0,21.904326173654
"63","Rocklin",0,0,0,0,0,5585,3220.00000000003,15530,17379,1586,0,0,31.4,0,0,0,0,0,0,1.68975574938479,0.530892415113564,0.109573403068395,0.29331507721001,-0.162870688293757,-0.95454541304348,0,0.0339324794103332,0,0,0,0,0,15022.285860314,4929.47357666572,17231.6749496521,22476.5227268327,1327.6870883661,0,0,32.4654798534845
"64","Sunnyvale",0,0,0,0,0,14543,2899.00000000003,25978,19274,4205,80,0,23.8,0,0,0,0,0,0,3.34980818254973,1.25741818081222,0.127053710995348,0.00305926265559618,-0.102052197769407,-0.64396714160829,0,-0.111869680570488,0,0,0,0,0,63259.2603988208,6544.25530617468,29278.6013042371,19332.9642284239,3775.87050837964,28.4826286713368,0,21.1375016024224
"65","Huntington Beach",0,0,0,0,0,19351,7557.00000000003,45227,49017,11494,75,0,27,1,0,0,0,0,0,1.33969042027283,0.434180651126195,-0.0373036120966547,0.266672483910615,0.139310160411418,0.00348310691136494,0,-0.0919191890011224,0,0,0,0,0,45275.3493226996,10838.1031805607,43539.8695357046,62088.4851438466,13095.2309837688,75.2612330183524,0,24.5181818969697
"66","Modesto",0,0,0,0,0,7453,16459,43992,49021,8687,253,0,31.4,1,0,0,0,0,0,0.460659725840208,-0.0217454428455567,-0.0863722451771004,0.220558291870011,0.107496933050377,-0.294051625206801,0,0.00821777065106682,0,0,0,0,0,10886.2969366871,16101.091756205,40192.312190169,59832.9880257598,9620.82585740863,178.604938822679,0,31.6580379984435
"67","Newport Beach",0,0,0,0,0,11136,1256.00000000003,15629,18926,2390,0,0,22.1,0,0,0,0,0,0,0.861034497092194,0.459893047677452,-0.186699897942849,0.125540068647641,0.129665319101893,0,0,-0.0999637772560611,0,0,0,0,0,20724.4801596187,1833.62566788292,12711.0672950512,21301.9713392252,2699.90011265353,0,0,19.890800522641
"68","Long Beach",0,0,0,0,0,32279,34286,114410,76351,36958,979,0,30.4,1,0,0,0,0,-0.984848475,1.35973641007111,0.374390647042243,0.00302012100188431,0.118789199855693,0.114941209669808,0.223692774471551,0,-0.0320569024087716,0,0,0,0,0,76169.9315806854,47122.3577244904,114755.532043826,85420.674198182,41205.9972269768,1197.99522620765,0,29.4254701667733
"69","Oxnard",0,0,0,0,0,6832,9820.00000000003,33707,30257,24301,383,0,26.5,1,-0.984848475,0,0,0,0,1.51231060542196,0.0631581899440345,0.0139367030368481,0.203896688122768,-0.157959453876555,0.0702573677213588,0,-0.0601065579048547,0,0,0,0,0,17164.1060562428,10440.2134252505,34176.764449263,36426.3020925306,20462.4273113458,409.90857183728,0,24.9071762155213
"70","Pittsburg",0,0,0,0,0,2590,5237.00000000003,15725,12393,5146,56,0,40.7,1,-0.984848475,0,0,0,0,0.721071849491342,0.127514205634915,-0.168555841424366,0.636132855315252,0.230242467966946,-0.100070469836275,-0.984848484839945,-0.177040378400201,0,0,0,0,0,4457.57609018257,5904.79189491008,13074.4593936018,20276.5944759219,6330.8277401579,50.3960536891686,0,33.4944565991118
"71","Dublin",0,0,0,0,0,9809,839.00000000003,8801.99999999997,7475.99999999997,1643,77,0,38,0,0,0,0,0,0,-0.146108843196979,-0.170642064141437,-0.0814069121224954,-0.0731082070768545,-0.0563153659786842,77,0,0.0296143241714668,0,0,0,0,0,8375.81835708083,695.831308185359,8085.45635949777,6929.4430438934,1550.47385369702,6006,0,39.1253443185157
"72","Vista",0,0,0,0,0,7230,4110.00000000003,21649,16056,12180,0,0,28,1,0,0,0,0,0,0.610391292922936,0.328160966084036,0.0343420351762757,0.129394053006397,0.192416701507469,0,0,-0.060179255243368,0,0,0,0,0,11643.1290478328,5458.74157060543,22392.4707195312,18133.5509150707,14523.635424361,0,0,26.3149808531857
"73","Lake Forest",0,0,0,0,0,10689,1955.00000000003,17969,13737,2175,41,0,27.3,0,0,0,0,0,0,1.44066417561194,0.326319878731263,-0.0244640747275144,0.0710807708132425,-0.42439765467572,41,0,-0.0227851020681143,0,0,0,0,0,26088.259373116,2592.95536291966,17529.4050412213,14713.4365486615,1251.93510108031,1722,0,26.6779667135405
"74","Vacaville",0,0,0,0,0,5509,4343.00000000003,18876,24012,1748,0,0,28.9,0,0,0,0,0,0,0.906660019817347,0.634894902094302,-0.075256065913289,0.145597415952609,-0.256402604205094,-0.694882957189051,0,-0.0609945590396072,0,0,0,0,0,10503.7900491738,7100.3485597956,17455.4664998207,27508.085151854,1299.8082478495,0,0,27.1372572437554
"75","Bakersfield",0,0,0,0,0,12259,31610,84744,68468,32622,703,0,24.9,1,0,0,0,0,0,0.618522119508948,-0.0446755642632181,-0.0308250677401832,0.190614998278592,0.123096934197716,4.78575748004243,0,0.0405584208833825,0,0,0,0,0,19841.4626630602,30197.8054136397,82131.7604594259,81519.0277021386,36637.6681873979,4067.38750846983,0,25.9099046799962
"76","Baldwin Park",0,0,0,0,0,1939,4643.00000000003,13461,10906,5258,0,0,32.5,0,0,0,0,0,0,1.10202417734961,0.132645965351864,-0.14859147457803,0.280059342748477,-0.0183005622859253,-0.548128336872182,0,-0.147378957799107,0,0,0,0,0,4075.82487988089,5258.87521712874,11460.8101607051,13960.3271920148,5161.7756435006,0,0,27.710183871529
"77","Chino",0,0,0,0,0,4528,3708.00000000003,20426,13614,5677,117,0,33.5,0,0,0,0,0,0,0.880217460068587,0.466815013746769,0.0284442748048636,0.158038346366343,0.0856912472216007,-0.268025076521457,0,-0.0116279066387236,0,0,0,0,0,8513.62465919056,5438.95007097306,21007.0027571641,15765.5340474314,6163.46921047703,85.6410660469895,0,33.1104651276028
"78","Camarillo",0,0,0,0,0,4572,1573.00000000003,10462,21154,3553,39,0,23.2,0,0,0,0,0,0,1.54776637530593,0.835409106352544,-0.12730290423929,0.114063841204454,0.299916586568202,2.55974018660483,0,-0.0750961971161922,0,0,0,0,0,11648.3878678987,2887.09852429261,9130.15701584852,23566.906496839,4618.60363207682,138.829867277588,0,21.4577682269043
"79","Mountain View",0,0,0,0,0,8795,1641.00000000003,17810,9748.99999999997,1538,300,0,22.6,0,0,0,0,0,0,3.16607891555073,1.41270503011952,-0.0910263569298567,0.192784646929566,-0.0427127242709054,1.5842802832268,0,-0.0220102248081589,0,0,0,0,0,36640.6640622686,3959.2489544262,16188.8205830792,11628.4575229163,1472.30783007135,775.28408496804,0,22.1025689193356
"80","Walnut Creek",0,0,0,0,0,9110,2531.00000000003,15785,24164,1405,443,0,30.5,0,0,0,0,0,0,1.46607720215965,1.26992448834673,-0.0801890937157264,0.0136706704077096,-0.0569914015881006,443,0,-0.207283223192059,0,0,0,0,0,22465.9633116744,5745.17888000564,14519.2151556972,24494.3380797319,1324.92708076872,196692,0,24.1778616926422
"81","Yorba Linda",0,0,0,0,0,6101,1138.00000000003,14617,14561,1129,0,0,28.6,0,0,0,0,0,0,0.212872554719815,0.447547508356037,0.0589424892060465,0.111253708591028,0.105601469184499,-0.859360933966478,0,-0.0980952352925171,0,0,0,0,0,7399.73545634559,1647.30906450922,15478.5623647248,16180.9652507939,1248.2240587093,0,0,25.794476270634
"82","Glendale",0,0,0,0,0,16774,21317,50051,40593,8615,0,0,28.9,1,0,0,0,0,0,1.40119432170362,1.1029931687191,-0.0576707713551705,0.0607677780970842,-0.124518068928843,-0.486544546346456,0,-0.103477393527318,0,0,0,0,0,40277.6335522565,44829.5053775852,47164.5202229023,43059.7464162949,7542.27683617802,0,0,25.9095033270605
"83","Norwalk",0,0,0,0,0,3031,6108.00000000003,22298,16064,7467,0,0,30.3,0,0,0,0,0,0,2.3886712795644,0.370355116134807,0.0153046618144493,0.113563328278961,0.344610427600379,-0.85227271758781,0,-0.055411253652168,0,0,0,0,0,10271.0626483597,8370.12904935144,22639.2633491386,17888.2813054732,10040.206062892,0,0,28.6210390143393
"84","Mission Viejo",0,0,0,0,0,8399,2832.00000000003,18801,25435,4496,0,0,26.3,0,0,0,0,0,0,0.305452825272211,0.538574520373889,-0.127609037730726,0.0834088796618499,0.0920537290100234,0,0,-0.0424563642776957,0,0,0,0,0,10964.4982794613,4357.2430416989,16401.8224816246,27556.5048541991,4909.87356562907,0,0,25.1833976194966
"85","South Whittier",0,0,0,0,0,871,1630.00000000003,9273.99999999997,6573.99999999997,5886,0,0,32.6,0,0,0,0,0,0,0,0,0,0,0,0,0,0,0,0,0,0,0,871,1630.00000000003,9273.99999999997,6573.99999999997,5886,0,0,32.6
"86","Hemet",0,0,0,0,0,3755,7594.00000000003,13019,27044,7042,0,0,34.8,1,0,0,0,0,0,2.0242800656628,0.194349562736635,-0.106403222771767,0.12057840528802,0.50055598965212,-0.856852090331923,0,-0.0153153149013879,0,0,0,0,0,11356.1716465638,9069.89057942204,11633.7364427343,30304.9223926092,10566.9152791302,0,0,34.2670270414317
"87","Fontana",0,0,0,0,0,16461,8702.00000000003,41821,28543,20489,0,0,33.8,1,0,0,0,0,0,0.989448772389482,0.325625593868946,0.0190494361056801,0.319953341247037,-0.0968351940895812,0,0,0.00694248969968841,0,0,0,0,0,32748.3162423033,11535.5939178476,42617.6664673756,37675.4282192141,18504.9437082986,0,0,34.0346561518495
"88","Milpitas",0,0,0,0,0,5357,2547.00000000003,12333,11580,2104,0,0,28.1,0,0,0,0,0,0,8.98405381449199,0.739084580740337,0.0107894607586846,0.128298082978934,-0.480847395972891,0.726239652916041,0,-0.0792131816969325,0,0,0,0,0,53484.5762842336,4429.44842714569,12466.0664195368,13065.691800896,1092.29707887304,0,0,25.8741095943162
"89","Florence-Graham",0,0,0,0,0,584,3752.00000000003,13731,5851.99999999997,11269,0,0,37.6,1,0,0,0,0,0,-0.0285412261682341,-0.217772250333909,0.315007396679713,0.0964423158973605,0.0677671026874822,0,0,0.110466681372718,0,0,0,0,0,567.331923917751,2934.9185167472,18056.3665638091,6416.38043263132,12032.6674801852,0,0,41.7535472196142
"90","Richmond",0,0,0,0,0,5768,7655.00000000003,27496,26525,10180,255,0,35.6,1,0,0,0,0,0,1.12894337646626,0.379873713393135,-0.0348157885115268,0.402028681131053,-0.015111838514445,0.313545904489594,0,0.0695270439966086,0,0,0,0,0,12279.7453954574,10562.9332760245,26538.705079087,37188.8107670011,10026.161483923,334.954205644846,0,38.0751627662793
"91","Santa Clarita",0,0,0,0,0,18943,10187,52139,44077,11022,113,0,35.6,0,0,0,0,0,0,1.40565687840581,0.570484036563882,0.0333829635129701,0.299589421911849,-0.0570452356080169,1.53822628558202,0,-0.0987215883382162,0,0,0,0,0,45570.3582476412,15998.5208804763,53879.5543346027,57282.0029496085,10393.2474131284,286.819570270768,0,32.0855114551595
"92","Thousand Oaks",0,0,0,0,0,14029,2188.00000000003,30291,29137,5107,142,0,26.3,0,0,0,0,0,0,0.835061015181479,1.18740992603552,-0.113877749243859,0.182543633037916,-0.136628256615472,-0.58963890047939,0,-0.0379645497394738,0,0,0,0,0,25744.070981981,4786.05291816577,26841.5290976542,34455.7738358257,4409.23949346479,58.2712761319267,0,25.3015323418518
"93","Garden Grove",0,0,0,0,0,8123,10710,35188,26856,11411,417,0,28.9,1,0,0,0,0,0,1.71696215205311,0.440555250092663,-0.00779257713232758,0.176288323540757,0.324621063136142,1.68781876516711,0,-0.0312213028973543,0,0,0,0,0,22069.8835611274,15428.3467284925,34913.7947958676,31590.3992170105,15115.2509514465,1120.82042507469,0,27.9977043462665
"94","Menifee",0,0,0,0,0,6855,6324.00000000003,20861,25051,5663,0,0,44.7,0,0,0,0,0,0,0.879141675887732,0.773186028360973,0.17370664894604,0.221003669681468,-0.273382484111535,0,0,-0.0740106144981857,0,0,0,0,0,12881.5161882104,11213.6284433548,24484.6944036633,30587.3629291904,4114.83499247638,0,0,41.3917255319311
"95","El Monte",0,0,0,0,0,2895,10290,24156,16168,13117,66,0,29,1,0,0,0,0,0,0.0566511910655729,0.344790729019566,-0.0982427821289559,0.132191788092722,0.0911216296899009,-0.195155143088347,0,-0.0442126165335158,0,0,0,0,0,3059.00519813483,13837.8966016114,21782.8473548929,18305.2768298831,14312.2424166424,53.1197605561691,0,27.717834120528
"96","Pomona",0,0,0,0,0,6286,11584,30514,22364,16887,139,0,29.7,1,0,0,0,0,0,2.51151552384648,0.139139863335985,-0.00784839907336712,0.0667464680023022,-0.0626571202879955,-0.00982552794779751,0,-0.00421940914917488,0,0,0,0,0,22073.386582899,13195.7961768841,30274.5139506752,23856.7180104034,15828.9092096966,137.634251615256,0,29.5746835482695
"97","Perris",0,0,0,0,0,2212,5863.00000000003,12849,10881,8617,0,0,40.5,1,0,0,0,0,0,0.457437550801202,0.123261472916864,0.0267398267292537,0.654127768505564,0.643587437591397,0,0,0.0360667180244505,0,0,0,0,0,3223.85186237226,6585.68201571161,13192.5800336442,17998.564249109,14162.7929497251,0,0,41.9607020799902
"98","Elk Grove",0,0,0,0,0,16107,7088.00000000003,37363,30418,6018,180,0,30.1,0,0,0,0,0,0,2.03913007670804,0.50024838538778,0.0281035827412845,0.0283485664536428,0.133081537406558,0.368426913512012,0,-0.049434643481372,0,0,0,0,0,48951.2681455364,10633.7605556286,38413.0341619626,31280.3066943869,6818.88469211267,246.316844432162,0,28.6120172312107
"99","Moreno Valley",0,0,0,0,0,6872,12377,38538,28553,20171,403,0,32.3,1,0,0,0,0,0,4.07364629571708,0.447919891878439,0.0449563197600522,0.348667723259257,-0.0778719779192016,-0.252858775648529,0,-0.0304723201239321,0,0,0,0,0,34866.0973441678,17920.9045017795,40270.5266509129,38508.5095022215,18600.2443333918,301.097913413643,0,31.315744059997
"100","Murrieta",0,0,0,0,0,9266,3732.00000000003,25311,19566,5325,227,0,42.3,0,0,0,0,0,0,0.86388252043832,0.0730910744304012,0.0132650943402911,0.140705222847999,-0.0722840181720292,227,0,0.0395428259722251,0,0,0,0,0,17270.7354343815,4004.77588977429,25646.7528028471,22319.0383902439,4940.08760323394,51756,0,43.9726615386251
"101","Rancho Cucamonga",0,0,0,0,0,8332,8514.00000000003,41723,31973,11757,89,0,30.5,0,0,0,0,0,0,1.10928322054804,0.168299102873004,-0.0599305106042172,0.180471492735564,-0.016800896148659,0.67889419329957,0,-0.0446078418252595,0,0,0,0,0,17574.5477936063,9946.89856186079,39222.5193060602,37743.2150372341,11559.4718639802,149.421583203662,0,29.1394608243296
"102","Palo Alto",0,0,0,0,0,8589,1759.00000000003,12422,13939,2301,135,0,20.4,0,0,0,0,0,0,2.54066733587244,1.12877456264309,-0.134390197667367,0.168794533831787,-0.514071613198216,135,0,-0.11011691286822,0,0,0,0,0,30410.7917478084,3744.51445568926,10752.6049645759,16291.8270070812,1118.12121803091,18360,0,18.1536149774883
"103","West Covina",0,0,0,0,0,6960,6269.00000000003,22837,17764,5866,0,0,35,0,0,0,0,0,0,2.13312711098904,1.13350305685857,-0.0527166305968076,0.242961073571399,-0.197218607959464,-0.666666663120568,0,-0.0180926910899654,0,0,0,0,0,21806.5646924837,13374.9306634464,21633.1103070607,22079.9605109223,4709.11564570978,0,0,34.3667558118512
"104","Tustin",0,0,0,0,0,5322,3796.00000000003,14296,11781,5607,0,0,22.5,0,0,0,0,0,0,1.89103067143137,-0.0791260662935787,-0.0929752066068378,0.495636499132149,-0.00512410537450334,-0.7453300022433,0,0.0131779979184187,0,0,0,0,0,15386.0652333577,3495.6374523496,12966.8264463486,17620.0935962758,5578.26914116516,0,0,22.7965049531644
"105","Palmdale",0,0,0,0,0,5748,14531,34261,22884,12941,146,0,44.7,1,0,0,0,0,0,0.483835798117984,0.511819390597948,-0.0151481627280487,0.0633781157421294,0.0639566945040668,-0.0378787875918274,0,-0.00310800303555545,0,0,0,0,0,8529.08816758217,21968.2475647788,33742.0087967743,24334.3448006429,13768.6635835771,140.469697011593,0,44.5610722643107
"106","Rialto",0,0,0,0,0,3527,7405.00000000003,14540,14727,8258,164,0,31.9,1,0,0,0,0,0,1.66333262013502,0.0645787286396566,0.0648574309674366,-0.0464266495361636,-0.0844198040685225,-0.527616587704417,0,-0.0344553395732607,0,0,0,0,0,9393.57415121623,7883.20548557669,15483.0270462665,14043.2747322809,7560.86125800214,77.4708796164756,0,30.800874667613
"107","Fullerton",0,0,0,0,0,7168,7032.00000000003,34765,27168,8440,53,0,31.3,1,0,0,0,0,0,2.14612678024976,0.214693933715892,-0.0041095747889309,0.144167994721488,-0.0440001907300997,-0.650102716627275,0,-0.00480533474690977,0,0,0,0,0,22551.4367608303,8541.72774189019,34622.1306324628,31084.7560805933,8068.63839023796,18.5445560187544,0,31.1495930224217
"108","Redlands",0,0,0,0,0,4667,3820.00000000003,21921,14245,3728,0,0,23.7,1,0,0,0,0,0,1.04202690891378,-0.106813476343775,-0.106667930980916,0.0289233447560972,-0.0857141721292524,0,0,0.108452945801506,0,0,0,0,0,9530.13958390062,3411.97252036681,19582.7322849673,14657.0130460506,3408.45756630215,0,0,26.2703348154957
"109","Napa",0,0,0,0,0,5595,3172.00000000003,18713,21760,2865,57,0,23.7,1,0,0,0,0,0,0.69916500748648,-0.308551444880946,-0.0692106452818822,0.136258565905001,-0.216311129160184,0.313446963166825,0,-0.0707267964796588,0,0,0,0,0,9506.82821688686,2193.27481683766,17417.8611948401,24724.9863940928,2245.26861495607,74.866476900509,0,22.0237749234321
"110","Santa Cruz",0,0,0,0,0,1502,2027.00000000003,20921,10366,2332,54,0,22.3,1,0,0,0,0,0,-0.0241578667768429,-0.220808770213088,0.190854342090886,0.103837065693539,-0.0993783396398155,-0.0658307198681224,0,0.017434619378245,0,0,0,0,0,1465.71488410118,1579.4206227781,24913.8636908834,11442.3750229792,2100.24971195995,50.4451411271214,0,22.6887920121349
"111","San Ramon",0,0,0,0,0,11457,1014.00000000003,12881,15983,2476,0,0,36.9,0,0,0,0,0,0,5.77536337371704,0.815713459013742,0.106025010301904,0.450236814761074,3.90176294755323,-0.420222625932377,0,-0.0894660872238316,0,0,0,0,0,77625.3381726761,1841.13344743999,14246.7081576988,23179.1350103262,12136.7650581418,0,0,33.5987013814406
"112","Lakewood",0,0,0,0,0,5767,2823.00000000003,17925,13755,3551,38,0,29.8,0,0,0,0,0,0,2.63999163500788,1.51720809059936,-0.0936001615053956,0.105611559367993,0.0594596714966509,1.79573506255976,0,-0.0934265705519097,0,0,0,0,0,20991.8317590904,7106.07843976208,16247.2171050158,15207.6869991067,3762.14129348461,106.237932377271,0,27.0158881975531
"113","Downey",0,0,0,0,0,3301,7883.00000000003,23781,21545,6875,209,0,30.9,0,0,0,0,0,0,1.73773746811661,1.41469593364138,0.053991366080662,0.047450097760459,-0.0308071935610628,209,0,-0.0599943516094358,0,0,0,0,0,9037.27138225293,19035.0480448951,25064.9686767642,22567.312356249,6663.20054426769,43890,0,29.0461745352684
"114","Livermore",0,0,0,0,0,7362,3223.00000000003,12553,14921,1592,225,0,30.1,1,0,0,0,0,0,1.5698425133247,-0.00911586268811359,-0.137496753652794,0.10144023444213,-0.223006662289284,-0.574468081032141,0,-0.194424237239596,0,0,0,0,0,18919.1805830965,3193.61957455624,10827.0032513964,16434.589738111,1236.97339363546,95.7446817677682,0,24.2478304590882
"115","Yuba City",0,0,0,0,0,1561,3840.00000000003,14289,17167,4679,0,0,23.2,1,0,0,0,0,0,-0.0612800603540342,0.274738614131963,0.0186137653302377,0.123634984927395,-0.124854509824041,-0.874409490856606,0,-0.076020620256018,0,0,0,0,0,1465.34182578735,4894.99627826678,14554.9720928037,19289.4417862486,4094.80574853331,0,0,21.4363216100604
"116","Westminster",0,0,0,0,0,2959,7713.00000000003,20175,19513,3978,45,0,29.6,0,0,0,0,0,0,1.10227508663504,0.597900045185658,0.0839789196265296,0.21935854444602,-0.186735053151582,45,0,-0.106060602672088,0,0,0,0,0,6220.63198135309,12324.603048517,21869.2747034652,23793.3432777752,3235.16795856301,2070,0,26.4606061609062
"117","Apple Valley",0,0,0,0,0,2909,7037.00000000003,15623,20037,4283,293,0,37.2,1,0,0,0,0,0,0.808636018409608,0.0278185890083803,0.145064990152384,0.263145486236936,-0.0202345213318567,293,0,0.0821881582873422,0,0,0,0,0,5261.32217755355,7232.759410852,17889.3503411507,25309.6461077294,4196.33554513566,86142,0,40.2573994882891
"118","Jurupa Valley",0,0,0,0,0,3862,5095.00000000003,16912,19149,11435,58,0,33.8,1,0,0,0,0,0,1.61519901856932,0.105443556878579,-0.0105075994418053,0.195357735438814,-0.145036968921606,58,0,-0.12154511820597,0,0,0,0,0,10099.8986097147,5632.23492229639,16734.2954782402,22889.9052759178,9776.50226038143,3422,0,29.6917750046382
"119","Chino Hills",0,0,0,0,0,4533,2221.00000000003,18280,11105,5346,71,0,34.2,0,0,0,0,0,0,1.05591273375718,1.18443289907922,0.0522782460952435,0.291634252492843,-0.0201479190094716,-0.336919922248813,0,-0.107033293279387,0,0,0,0,0,9319.45242212129,4851.62546885501,19235.646338621,14343.598373933,5238.28922497536,47.0786855203343,0,30.539461369845
"120","Turlock",0,0,0,0,0,3026,4719.00000000003,16630,14466,2271,84,0,26,1,0,0,0,0,0,0.319469134830248,-0.047751433062103,0.0648055018221825,0.224261045185834,0.314316585527504,-0.556493502518553,0,-0.0269549416757313,0,0,0,0,0,3992.71360199633,4493.66098737996,17707.7154953029,17710.1602796582,2984.81296573296,37.2545457884416,0,25.299171516431
"121","Alhambra",0,0,0,0,0,4702,5881.00000000003,18337,18747,3869,48,0,32.6,0,0,0,0,0,0,0.699295978677681,0.797281658096392,-0.175697190452893,0.205535529837273,0.0683346541208722,1.53333328952381,0,0.0185744481899156,0,0,0,0,0,7990.08969174246,10569.8134312649,15115.2406186653,22600.1745778593,4133.38677679365,121.599997897143,0,33.2055270109912
"122","Visalia",0,0,0,0,0,4849,13043,31006,25543,6922,0,0,23.2,1,0,0,0,0,0,0.716798117840676,0.180479526138645,0.00230516366910663,0.167249392200308,-0.0966416458041361,0,0,0.00375375358466578,0,0,0,0,0,8324.75407340944,15396.9944594264,31077.4739047243,29815.0512249724,6253.04652774377,0,0,23.2870870831642
"123","Redding",0,0,0,0,0,3568,8208.00000000003,19882,27953,6415,0,0,16.2,1,0,0,0,0,0,0.605816750878008,0.0408410474143585,-0.0287582346673201,0.0754932795920784,0.183297986800198,-0.0888429738605059,0,0.0250976002449883,0,0,0,0,0,5729.55416713273,8543.22331717709,19310.2287783443,30063.2636444373,7590.85658532327,0,0,16.6065811239688
"124","South Gate",0,0,0,0,0,1772,6628.00000000003,18372,13071,12476,261,0,33.8,1,0,0,0,0,0,1.53916039955593,0.142281633374421,-0.0642842400873621,0.240815664951218,0.0732152689402074,0.394886357466264,0,-0.0314203977501804,0,0,0,0,0,4499.3922280131,7571.0426660057,17190.969941115,16218.7015565773,13389.433695298,364.065339298695,0,32.7379905560439
"125","Castro Valley",0,0,0,0,0,4184,1972.00000000003,14569,15408,3020,0,0,33.4,0,0,0,0,0,0,1.3241617422024,0.440246722867956,-0.0515006203643976,0.112393355164657,-0.0549941294613831,0,0,-0.112490954334699,0,0,0,0,0,9724.29272937484,2840.16653749565,13818.6874619111,17139.756816377,2853.91772902662,0,0,29.6428021252211
"126","Lynwood",0,0,0,0,0,1224,6098.00000000003,12249,7453.99999999997,6908,0,0,32.7,1,0,0,0,0,0,-0.0682992717214624,0.0227526339380109,-0.022930951519644,0.132087948399391,-0.198587937370995,0,0,-0.0458715582302277,0,0,0,0,0,1140.40169141293,6236.74556175402,11968.1187748359,8438.58356736902,5536.15452864116,0,0,31.2000000458716
"127","Upland",0,0,0,0,0,5572,4533.00000000003,19495,16170,4584,0,0,32.9,1,0,0,0,0,0,0.704041104282422,0.632729410228199,-0.0410404773902724,0.26097602701061,-0.107806146312045,-0.748519022020833,0,-0.0180728851293274,0,0,0,0,0,9494.91703306165,7401.16241656447,18694.9158932766,20389.9823567615,4089.81662530559,0,0,32.3054020792451
"128","Tracy",0,0,0,0,0,6221,4107.00000000003,16841,16028,6704,0,0,43,0,0,0,0,0,0,2.5378235619867,0.341942625584609,0.000149947077492363,0.256050611814952,0.415020047134224,0,0,-0.0251301556338972,0,0,0,0,0,22008.8003791193,5511.35836327603,16843.525258732,20131.97920617,9486.29439598784,0,0,41.9194033077424
"129","Carmichael",0,0,0,0,0,5257,7255.00000000003,15769,21882,2948,0,0,26.8,1,0,0,0,0,0,0.899586817598254,0.335990688734081,0.139777294834077,0.2777833247186,0.576494646327677,0,0,0.0117715613188094,0,0,0,0,0,9986.12790011402,9692.61244676579,17973.1481622385,27960.4547114924,4647.50621737399,0,0,27.1154778433441
"130","Eastvale",0,0,0,0,0,5069,1032.00000000003,14398,5825.99999999997,3094,85,0,37,0,0,0,0,0,0,0,-0.230067128849744,0.0589185252614487,-0.105936756663294,0.192115964724427,-0.0670770195033012,0,0.0856290148523806,0,0,0,0,0,5069,794.570723027088,15246.3089267143,5208.81245567962,3688.40679485738,79.2984533422194,0,40.1682735495381
"131","Merced",0,0,0,0,0,3662,9848.00000000003,19542,11912,6560,391,0,26.6,1,0,0,0,0,0,1.69052594738015,0.398758952717402,0.0604414216441668,-0.0847025552714892,0.169154492440229,391,0,-0.0343204762022776,0,0,0,0,0,9852.70601930612,13774.978166361,20723.1462617703,10903.023161606,7669.6534704079,153272,0,25.6870753330194
"132","Brentwood",0,0,0,0,0,5497,3534.00000000003,11016,17796,1384,0,0,46.4,0,0,0,0,0,0,-0.0351469040049076,0.134458077640868,-0.0243521174050318,0.0402828170034225,0.0074213836421977,-0.166666664930556,0,0.0568400754285142,0,0,0,0,0,5303.79746868502,4009.17484638286,10747.7370746661,18512.8730113929,1394.2711949608,0,0,49.037379499883
"133","East Los Angeles",0,0,0,0,0,4047,9268.00000000003,21756,13889,14604,110,0,30.5,1,0,0,0,0,0,2.67730364600028,0.835914589232145,0.00673499891440168,0.0985915965186649,0.190556824513906,3.05647373658069,0,0.0097949185560328,0,0,0,0,0,14882.0478553631,17015.2564130036,21902.5266363817,15258.3386840477,17386.8918652011,446.212111023876,0,30.798745015959
"134","Daly City",0,0,0,0,0,8112,5514.00000000003,27653,22645,6825,151,0,28.6,1,0,0,0,0,0,2.2855872646972,0.754905854296666,-0.174873105627008,0.211018499332223,0.386232788383755,-0.139841032137418,0,-0.0666568258562817,0,0,0,0,0,26652.6838912236,9676.55088059187,22817.2340100963,27423.5139173781,9461.03878071913,129.88400414725,0,26.6936147805103
